{
    "RMSE": 0.061127758761019745,
    "error_percent": 15.113897593014801
}
